path,size_bytes,sha256
.gitignore,316,244b82c749157e5157b4a426c27811a2ed4e6332f31de8099bcfcc370db2dcde
01_data_retrieval_genpept.py,5173,656c7d1354f7f9d64bfcee8151899fd2e4422c305e3777db95b5c39e8317200d
02_build_balanced_dataset.py,7220,f834dfb8d2871ce38a8339298c0bc14a3d2e26cc339f7d83e6a1a8dfc6e04ebc
03_cluster_split_cdhit.py,14680,b63adf16a9d29b5900abf935284d64385f5ea7297928f3ee78feef7e467fbe27
04_check_cross_split_leakage_mmseqs2.py,5308,699b4867d82d4d08c247a6ee840c4cf82c5afea6fb7678fac183ad2944715427
05_data_visualization.py,6858,a22956548241f9c0b4e5da94aa18bddcb4202e601732f5664be7ebbd5c904835
06_benchmark_reproduction.py,10068,7b2580f21ed2f5b14f9dd8b8e6099cddfb941f64d37d988507bdc86378d9db3b
APPLY_TO_EXISTING_REPO.md,852,8e74f6986254cddd4fcd1e16b951db67bb5bf0cb16e4caa659265f98bc4ce81f
CHANGELOG.md,931,bcb38ab270744a20467306f8f0507527a46744471de8ffe2d2dcc10833a23888
CITATION.cff,538,c868363dcf8073705a5b91aee41707e06d95059a362180566c506d2e23535c2f
README.md,5819,021ca9806a01cb89ef5a6ccc2a5ae7ad1ae97e78a0a6ac11f2af8d7f78af7755
SHA256SUMS.txt,3221,5f4cfc00e9dbb3aa0bfaf2aa695c960faa1f7c2dc6897827d5863a0b1b605541
VERSION.txt,5,d8bb74080a94aa97d78e90f9a656c6a75216e55736f53d5433a0812c5dbc2ec4
benchmark/BenchMark17model_AUTHORITATIVE.ipynb,3656178,62625fc0047a74083ad51ff82167cb0119c9d1679da333379c21fa27d985ca6d
benchmark/Cell32_Benchmark17_Production_Trainer_v9.py,131984,bc2276c2377e0c0730892c78412e307949547b4771b1eca10073c6ff125e5b6d
benchmark/ENVIRONMENT.md,1621,d06b202889a7796f87b9cf66830055caaa6cdc7c5134c66a50616630d7f9a546
benchmark/README.md,1123,3faff23a5c45625fbcd11c2d86dd33aa51d29faf1a14f946bb9e4778277da387
benchmark/requirements-ampeppy-v1.0-legacy.txt,83,e75fd4e7bd8016e270f6f71595559c9c269d8af29cd4a580c73b75ccb6be4f37
benchmark/requirements-ampscannerv2-legacy.txt,142,af35cd306dd8e7d4f5ce6de053680dba3d5e8ceb590acb85cb7d9a06633a3e79
benchmark/requirements-main-audited.txt,596,0c6897cffcab8b5a31fa4c83a56e49912103c9b16ead648a8addb72ac93d9a8e
data/GenPept_Curated_2025_primary_split_v1.1.csv,3091572,bdfe03fbabbd0c7d6ff95ff42905680bb86ad0056e24cf964a33598aefb407a2
data/splits/test.csv,648105,6c80cdb0dcea9615394aad7e865fd63b12d2167d405d54b440511bd6b054668c
data/splits/train.csv,2166759,70e1ebfa487622367e54dbfa893e9d29911c433fbbefd02d392704a689b69384
data/splits/validation.csv,276908,3ea7a1c7572cdae0fefe127415506d81e7e6d8b6319ac263326dd731f8e1fc4e
docs/DATA_DICTIONARY.csv,1478,cd753dd1046881eb9288b220c56d685114c80f19c10ddd2e1f8495c6d0251f9d
docs/REPRODUCIBILITY.md,1679,3b05248e65dcf56f57ad491261a77e1f5a7f8134c15306941b023af7cad8aadf
docs/REVIEWER_RUN_STATUS.md,1166,945b9569a4c2723c0078274d87ffaf38909d66511f3875761e96343c814248a2
docs/SOURCE_AND_RIGHTS.md,1666,f5e4f661d68bf69f0675281230e63139fcd81a0bc67fe15b64fc432577327b12
external_data/README.md,2379,3b2b299cc97f0d55ba35847710ea439515881f91790c8dfcc6f81147d6f99868
external_methods/README.md,1937,01139c08092a69259b92ceeacb5cc7ce5b8dbb92811b9a8f5f0ce5e2284f1362
figures/Fig1.pdf,218186,c34bd485fdd4467d215c6bc74cdeab7fb9a357a251d064000f984b786d3df546
figures/Fig2.pdf,548648,761781bd7bf4bde93a135d5c052e28755f59cc851154adbb86abc535b5bdb656
provenance/query_specification_from_preserved_rules.csv,18775,ab1503b5a23abc7c4ebbecd94c946dd97ec4e56621929c5aa685a6dc4c0d46cb
requirements.txt,237,816044bbe2013e00e869bd72261a8f0451f53030d2c6eb8c8b646f2814459b82
validate_dataset.py,3357,938d4957f623d0c7f29b8951a6809e6f666f6733cbb8f73ac03ad1e235c1f53f
