cohort,label_branch,length_bin,precursor_constraint,query
main,AMP,10-50,exclude,"((txid2[Organism:exp] OR txid2157[Organism:exp] OR txid4751[Organism:exp])) AND ((""2025/04/01""[PDAT] : ""2025/07/31""[PDAT])) AND (srcdb_genbank[PROP]) AND (10:50[SLEN]) NOT (fragment[Title] OR hypothetical[Title] OR putative[Title] OR possible[Title] OR predicted[Title] OR ""LOW QUALITY PROTEIN""[Title] OR fragment[Protein Name] OR hypothetical[Protein Name] OR putative[Protein Name] OR possible[Protein Name] OR predicted[Protein Name] OR ""LOW QUALITY PROTEIN""[Protein Name]) NOT (ampC[Gene] OR ampD[Gene] OR ampR[Gene] OR ampS[Gene] OR ampC[Protein Name] OR ampD[Protein Name] OR ampR[Protein Name] OR ampS[Protein Name]) NOT (precursor[Title] OR propeptide[Title] OR preprotein[Title]) AND (""antimicrobial peptide""[Title] OR ""antimicrobial peptide""[Protein Name] OR ""anti-microbial peptide""[Title] OR ""anti-microbial peptide""[Protein Name] OR ""antibacterial peptide""[Title] OR ""antibacterial peptide""[Protein Name] OR ""anti-bacterial peptide""[Title] OR ""anti-bacterial peptide""[Protein Name] OR ""antifungal peptide""[Title] OR ""antifungal peptide""[Protein Name] OR ""anti-fungal peptide""[Title] OR ""anti-fungal peptide""[Protein Name] OR ""antiparasitic peptide""[Title] OR ""antiparasitic peptide""[Protein Name] OR ""anti-parasitic peptide""[Title] OR ""anti-parasitic peptide""[Protein Name] OR bacteriocin[Title] OR bacteriocin[Protein Name] OR bacteriocins[Title] OR bacteriocins[Protein Name] OR lantibiotic[Title] OR lantibiotic[Protein Name] OR lantibiotics[Title] OR lantibiotics[Protein Name] OR microcin[Title] OR microcin[Protein Name] OR microcins[Title] OR microcins[Protein Name] OR thiopeptide[Title] OR thiopeptide[Protein Name] OR thiopeptides[Title] OR thiopeptides[Protein Name] OR sactipeptide[Title] OR sactipeptide[Protein Name] OR sactipeptides[Title] OR sactipeptides[Protein Name])"
main,AMP,51-100,exclude,"((txid2[Organism:exp] OR txid2157[Organism:exp] OR txid4751[Organism:exp])) AND ((""2025/04/01""[PDAT] : ""2025/07/31""[PDAT])) AND (srcdb_genbank[PROP]) AND (51:100[SLEN]) NOT (fragment[Title] OR hypothetical[Title] OR putative[Title] OR possible[Title] OR predicted[Title] OR ""LOW QUALITY PROTEIN""[Title] OR fragment[Protein Name] OR hypothetical[Protein Name] OR putative[Protein Name] OR possible[Protein Name] OR predicted[Protein Name] OR ""LOW QUALITY PROTEIN""[Protein Name]) NOT (ampC[Gene] OR ampD[Gene] OR ampR[Gene] OR ampS[Gene] OR ampC[Protein Name] OR ampD[Protein Name] OR ampR[Protein Name] OR ampS[Protein Name]) NOT (precursor[Title] OR propeptide[Title] OR preprotein[Title]) AND (""antimicrobial peptide""[Title] OR ""antimicrobial peptide""[Protein Name] OR ""anti-microbial peptide""[Title] OR ""anti-microbial peptide""[Protein Name] OR ""antibacterial peptide""[Title] OR ""antibacterial peptide""[Protein Name] OR ""anti-bacterial peptide""[Title] OR ""anti-bacterial peptide""[Protein Name] OR ""antifungal peptide""[Title] OR ""antifungal peptide""[Protein Name] OR ""anti-fungal peptide""[Title] OR ""anti-fungal peptide""[Protein Name] OR ""antiparasitic peptide""[Title] OR ""antiparasitic peptide""[Protein Name] OR ""anti-parasitic peptide""[Title] OR ""anti-parasitic peptide""[Protein Name] OR bacteriocin[Title] OR bacteriocin[Protein Name] OR bacteriocins[Title] OR bacteriocins[Protein Name] OR lantibiotic[Title] OR lantibiotic[Protein Name] OR lantibiotics[Title] OR lantibiotics[Protein Name] OR microcin[Title] OR microcin[Protein Name] OR microcins[Title] OR microcins[Protein Name] OR thiopeptide[Title] OR thiopeptide[Protein Name] OR thiopeptides[Title] OR thiopeptides[Protein Name] OR sactipeptide[Title] OR sactipeptide[Protein Name] OR sactipeptides[Title] OR sactipeptides[Protein Name])"
main,AMP,101-150,exclude,"((txid2[Organism:exp] OR txid2157[Organism:exp] OR txid4751[Organism:exp])) AND ((""2025/04/01""[PDAT] : ""2025/07/31""[PDAT])) AND (srcdb_genbank[PROP]) AND (101:150[SLEN]) NOT (fragment[Title] OR hypothetical[Title] OR putative[Title] OR possible[Title] OR predicted[Title] OR ""LOW QUALITY PROTEIN""[Title] OR fragment[Protein Name] OR hypothetical[Protein Name] OR putative[Protein Name] OR possible[Protein Name] OR predicted[Protein Name] OR ""LOW QUALITY PROTEIN""[Protein Name]) NOT (ampC[Gene] OR ampD[Gene] OR ampR[Gene] OR ampS[Gene] OR ampC[Protein Name] OR ampD[Protein Name] OR ampR[Protein Name] OR ampS[Protein Name]) NOT (precursor[Title] OR propeptide[Title] OR preprotein[Title]) AND (""antimicrobial peptide""[Title] OR ""antimicrobial peptide""[Protein Name] OR ""anti-microbial peptide""[Title] OR ""anti-microbial peptide""[Protein Name] OR ""antibacterial peptide""[Title] OR ""antibacterial peptide""[Protein Name] OR ""anti-bacterial peptide""[Title] OR ""anti-bacterial peptide""[Protein Name] OR ""antifungal peptide""[Title] OR ""antifungal peptide""[Protein Name] OR ""anti-fungal peptide""[Title] OR ""anti-fungal peptide""[Protein Name] OR ""antiparasitic peptide""[Title] OR ""antiparasitic peptide""[Protein Name] OR ""anti-parasitic peptide""[Title] OR ""anti-parasitic peptide""[Protein Name] OR bacteriocin[Title] OR bacteriocin[Protein Name] OR bacteriocins[Title] OR bacteriocins[Protein Name] OR lantibiotic[Title] OR lantibiotic[Protein Name] OR lantibiotics[Title] OR lantibiotics[Protein Name] OR microcin[Title] OR microcin[Protein Name] OR microcins[Title] OR microcins[Protein Name] OR thiopeptide[Title] OR thiopeptide[Protein Name] OR thiopeptides[Title] OR thiopeptides[Protein Name] OR sactipeptide[Title] OR sactipeptide[Protein Name] OR sactipeptides[Title] OR sactipeptides[Protein Name])"
main,AMP,151-200,exclude,"((txid2[Organism:exp] OR txid2157[Organism:exp] OR txid4751[Organism:exp])) AND ((""2025/04/01""[PDAT] : ""2025/07/31""[PDAT])) AND (srcdb_genbank[PROP]) AND (151:200[SLEN]) NOT (fragment[Title] OR hypothetical[Title] OR putative[Title] OR possible[Title] OR predicted[Title] OR ""LOW QUALITY PROTEIN""[Title] OR fragment[Protein Name] OR hypothetical[Protein Name] OR putative[Protein Name] OR possible[Protein Name] OR predicted[Protein Name] OR ""LOW QUALITY PROTEIN""[Protein Name]) NOT (ampC[Gene] OR ampD[Gene] OR ampR[Gene] OR ampS[Gene] OR ampC[Protein Name] OR ampD[Protein Name] OR ampR[Protein Name] OR ampS[Protein Name]) NOT (precursor[Title] OR propeptide[Title] OR preprotein[Title]) AND (""antimicrobial peptide""[Title] OR ""antimicrobial peptide""[Protein Name] OR ""anti-microbial peptide""[Title] OR ""anti-microbial peptide""[Protein Name] OR ""antibacterial peptide""[Title] OR ""antibacterial peptide""[Protein Name] OR ""anti-bacterial peptide""[Title] OR ""anti-bacterial peptide""[Protein Name] OR ""antifungal peptide""[Title] OR ""antifungal peptide""[Protein Name] OR ""anti-fungal peptide""[Title] OR ""anti-fungal peptide""[Protein Name] OR ""antiparasitic peptide""[Title] OR ""antiparasitic peptide""[Protein Name] OR ""anti-parasitic peptide""[Title] OR ""anti-parasitic peptide""[Protein Name] OR bacteriocin[Title] OR bacteriocin[Protein Name] OR bacteriocins[Title] OR bacteriocins[Protein Name] OR lantibiotic[Title] OR lantibiotic[Protein Name] OR lantibiotics[Title] OR lantibiotics[Protein Name] OR microcin[Title] OR microcin[Protein Name] OR microcins[Title] OR microcins[Protein Name] OR thiopeptide[Title] OR thiopeptide[Protein Name] OR thiopeptides[Title] OR thiopeptides[Protein Name] OR sactipeptide[Title] OR sactipeptide[Protein Name] OR sactipeptides[Title] OR sactipeptides[Protein Name])"
main,non-AMP,10-50,exclude,"((txid2[Organism:exp] OR txid2157[Organism:exp] OR txid4751[Organism:exp])) AND ((""2025/04/01""[PDAT] : ""2025/07/31""[PDAT])) AND (srcdb_genbank[PROP]) AND (10:50[SLEN]) NOT (fragment[Title] OR hypothetical[Title] OR putative[Title] OR possible[Title] OR predicted[Title] OR ""LOW QUALITY PROTEIN""[Title] OR fragment[Protein Name] OR hypothetical[Protein Name] OR putative[Protein Name] OR possible[Protein Name] OR predicted[Protein Name] OR ""LOW QUALITY PROTEIN""[Protein Name]) NOT (ampC[Gene] OR ampD[Gene] OR ampR[Gene] OR ampS[Gene] OR ampC[Protein Name] OR ampD[Protein Name] OR ampR[Protein Name] OR ampS[Protein Name]) NOT (precursor[Title] OR propeptide[Title] OR preprotein[Title]) NOT (""antimicrobial peptide""[Title] OR ""antimicrobial peptide""[Protein Name] OR ""anti-microbial peptide""[Title] OR ""anti-microbial peptide""[Protein Name] OR ""antibacterial peptide""[Title] OR ""antibacterial peptide""[Protein Name] OR ""anti-bacterial peptide""[Title] OR ""anti-bacterial peptide""[Protein Name] OR ""antifungal peptide""[Title] OR ""antifungal peptide""[Protein Name] OR ""anti-fungal peptide""[Title] OR ""anti-fungal peptide""[Protein Name] OR ""antiparasitic peptide""[Title] OR ""antiparasitic peptide""[Protein Name] OR ""anti-parasitic peptide""[Title] OR ""anti-parasitic peptide""[Protein Name] OR bacteriocin[Title] OR bacteriocin[Protein Name] OR bacteriocins[Title] OR bacteriocins[Protein Name] OR lantibiotic[Title] OR lantibiotic[Protein Name] OR lantibiotics[Title] OR lantibiotics[Protein Name] OR microcin[Title] OR microcin[Protein Name] OR microcins[Title] OR microcins[Protein Name] OR thiopeptide[Title] OR thiopeptide[Protein Name] OR thiopeptides[Title] OR thiopeptides[Protein Name] OR sactipeptide[Title] OR sactipeptide[Protein Name] OR sactipeptides[Title] OR sactipeptides[Protein Name])"
main,non-AMP,51-100,exclude,"((txid2[Organism:exp] OR txid2157[Organism:exp] OR txid4751[Organism:exp])) AND ((""2025/04/01""[PDAT] : ""2025/07/31""[PDAT])) AND (srcdb_genbank[PROP]) AND (51:100[SLEN]) NOT (fragment[Title] OR hypothetical[Title] OR putative[Title] OR possible[Title] OR predicted[Title] OR ""LOW QUALITY PROTEIN""[Title] OR fragment[Protein Name] OR hypothetical[Protein Name] OR putative[Protein Name] OR possible[Protein Name] OR predicted[Protein Name] OR ""LOW QUALITY PROTEIN""[Protein Name]) NOT (ampC[Gene] OR ampD[Gene] OR ampR[Gene] OR ampS[Gene] OR ampC[Protein Name] OR ampD[Protein Name] OR ampR[Protein Name] OR ampS[Protein Name]) NOT (precursor[Title] OR propeptide[Title] OR preprotein[Title]) NOT (""antimicrobial peptide""[Title] OR ""antimicrobial peptide""[Protein Name] OR ""anti-microbial peptide""[Title] OR ""anti-microbial peptide""[Protein Name] OR ""antibacterial peptide""[Title] OR ""antibacterial peptide""[Protein Name] OR ""anti-bacterial peptide""[Title] OR ""anti-bacterial peptide""[Protein Name] OR ""antifungal peptide""[Title] OR ""antifungal peptide""[Protein Name] OR ""anti-fungal peptide""[Title] OR ""anti-fungal peptide""[Protein Name] OR ""antiparasitic peptide""[Title] OR ""antiparasitic peptide""[Protein Name] OR ""anti-parasitic peptide""[Title] OR ""anti-parasitic peptide""[Protein Name] OR bacteriocin[Title] OR bacteriocin[Protein Name] OR bacteriocins[Title] OR bacteriocins[Protein Name] OR lantibiotic[Title] OR lantibiotic[Protein Name] OR lantibiotics[Title] OR lantibiotics[Protein Name] OR microcin[Title] OR microcin[Protein Name] OR microcins[Title] OR microcins[Protein Name] OR thiopeptide[Title] OR thiopeptide[Protein Name] OR thiopeptides[Title] OR thiopeptides[Protein Name] OR sactipeptide[Title] OR sactipeptide[Protein Name] OR sactipeptides[Title] OR sactipeptides[Protein Name])"
main,non-AMP,101-150,exclude,"((txid2[Organism:exp] OR txid2157[Organism:exp] OR txid4751[Organism:exp])) AND ((""2025/04/01""[PDAT] : ""2025/07/31""[PDAT])) AND (srcdb_genbank[PROP]) AND (101:150[SLEN]) NOT (fragment[Title] OR hypothetical[Title] OR putative[Title] OR possible[Title] OR predicted[Title] OR ""LOW QUALITY PROTEIN""[Title] OR fragment[Protein Name] OR hypothetical[Protein Name] OR putative[Protein Name] OR possible[Protein Name] OR predicted[Protein Name] OR ""LOW QUALITY PROTEIN""[Protein Name]) NOT (ampC[Gene] OR ampD[Gene] OR ampR[Gene] OR ampS[Gene] OR ampC[Protein Name] OR ampD[Protein Name] OR ampR[Protein Name] OR ampS[Protein Name]) NOT (precursor[Title] OR propeptide[Title] OR preprotein[Title]) NOT (""antimicrobial peptide""[Title] OR ""antimicrobial peptide""[Protein Name] OR ""anti-microbial peptide""[Title] OR ""anti-microbial peptide""[Protein Name] OR ""antibacterial peptide""[Title] OR ""antibacterial peptide""[Protein Name] OR ""anti-bacterial peptide""[Title] OR ""anti-bacterial peptide""[Protein Name] OR ""antifungal peptide""[Title] OR ""antifungal peptide""[Protein Name] OR ""anti-fungal peptide""[Title] OR ""anti-fungal peptide""[Protein Name] OR ""antiparasitic peptide""[Title] OR ""antiparasitic peptide""[Protein Name] OR ""anti-parasitic peptide""[Title] OR ""anti-parasitic peptide""[Protein Name] OR bacteriocin[Title] OR bacteriocin[Protein Name] OR bacteriocins[Title] OR bacteriocins[Protein Name] OR lantibiotic[Title] OR lantibiotic[Protein Name] OR lantibiotics[Title] OR lantibiotics[Protein Name] OR microcin[Title] OR microcin[Protein Name] OR microcins[Title] OR microcins[Protein Name] OR thiopeptide[Title] OR thiopeptide[Protein Name] OR thiopeptides[Title] OR thiopeptides[Protein Name] OR sactipeptide[Title] OR sactipeptide[Protein Name] OR sactipeptides[Title] OR sactipeptides[Protein Name])"
main,non-AMP,151-200,exclude,"((txid2[Organism:exp] OR txid2157[Organism:exp] OR txid4751[Organism:exp])) AND ((""2025/04/01""[PDAT] : ""2025/07/31""[PDAT])) AND (srcdb_genbank[PROP]) AND (151:200[SLEN]) NOT (fragment[Title] OR hypothetical[Title] OR putative[Title] OR possible[Title] OR predicted[Title] OR ""LOW QUALITY PROTEIN""[Title] OR fragment[Protein Name] OR hypothetical[Protein Name] OR putative[Protein Name] OR possible[Protein Name] OR predicted[Protein Name] OR ""LOW QUALITY PROTEIN""[Protein Name]) NOT (ampC[Gene] OR ampD[Gene] OR ampR[Gene] OR ampS[Gene] OR ampC[Protein Name] OR ampD[Protein Name] OR ampR[Protein Name] OR ampS[Protein Name]) NOT (precursor[Title] OR propeptide[Title] OR preprotein[Title]) NOT (""antimicrobial peptide""[Title] OR ""antimicrobial peptide""[Protein Name] OR ""anti-microbial peptide""[Title] OR ""anti-microbial peptide""[Protein Name] OR ""antibacterial peptide""[Title] OR ""antibacterial peptide""[Protein Name] OR ""anti-bacterial peptide""[Title] OR ""anti-bacterial peptide""[Protein Name] OR ""antifungal peptide""[Title] OR ""antifungal peptide""[Protein Name] OR ""anti-fungal peptide""[Title] OR ""anti-fungal peptide""[Protein Name] OR ""antiparasitic peptide""[Title] OR ""antiparasitic peptide""[Protein Name] OR ""anti-parasitic peptide""[Title] OR ""anti-parasitic peptide""[Protein Name] OR bacteriocin[Title] OR bacteriocin[Protein Name] OR bacteriocins[Title] OR bacteriocins[Protein Name] OR lantibiotic[Title] OR lantibiotic[Protein Name] OR lantibiotics[Title] OR lantibiotics[Protein Name] OR microcin[Title] OR microcin[Protein Name] OR microcins[Title] OR microcins[Protein Name] OR thiopeptide[Title] OR thiopeptide[Protein Name] OR thiopeptides[Title] OR thiopeptides[Protein Name] OR sactipeptide[Title] OR sactipeptide[Protein Name] OR sactipeptides[Title] OR sactipeptides[Protein Name])"
precursor,AMP,10-200,include,"((txid2[Organism:exp] OR txid2157[Organism:exp] OR txid4751[Organism:exp])) AND ((""2025/04/01""[PDAT] : ""2025/07/31""[PDAT])) AND (srcdb_genbank[PROP]) AND (10:200[SLEN]) NOT (fragment[Title] OR hypothetical[Title] OR putative[Title] OR possible[Title] OR predicted[Title] OR ""LOW QUALITY PROTEIN""[Title] OR fragment[Protein Name] OR hypothetical[Protein Name] OR putative[Protein Name] OR possible[Protein Name] OR predicted[Protein Name] OR ""LOW QUALITY PROTEIN""[Protein Name]) NOT (ampC[Gene] OR ampD[Gene] OR ampR[Gene] OR ampS[Gene] OR ampC[Protein Name] OR ampD[Protein Name] OR ampR[Protein Name] OR ampS[Protein Name]) AND (precursor[Title] OR propeptide[Title] OR preprotein[Title]) AND (""antimicrobial peptide""[Title] OR ""antimicrobial peptide""[Protein Name] OR ""anti-microbial peptide""[Title] OR ""anti-microbial peptide""[Protein Name] OR ""antibacterial peptide""[Title] OR ""antibacterial peptide""[Protein Name] OR ""anti-bacterial peptide""[Title] OR ""anti-bacterial peptide""[Protein Name] OR ""antifungal peptide""[Title] OR ""antifungal peptide""[Protein Name] OR ""anti-fungal peptide""[Title] OR ""anti-fungal peptide""[Protein Name] OR ""antiparasitic peptide""[Title] OR ""antiparasitic peptide""[Protein Name] OR ""anti-parasitic peptide""[Title] OR ""anti-parasitic peptide""[Protein Name] OR bacteriocin[Title] OR bacteriocin[Protein Name] OR bacteriocins[Title] OR bacteriocins[Protein Name] OR lantibiotic[Title] OR lantibiotic[Protein Name] OR lantibiotics[Title] OR lantibiotics[Protein Name] OR microcin[Title] OR microcin[Protein Name] OR microcins[Title] OR microcins[Protein Name] OR thiopeptide[Title] OR thiopeptide[Protein Name] OR thiopeptides[Title] OR thiopeptides[Protein Name] OR sactipeptide[Title] OR sactipeptide[Protein Name] OR sactipeptides[Title] OR sactipeptides[Protein Name])"
precursor,non-AMP,10-200,include,"((txid2[Organism:exp] OR txid2157[Organism:exp] OR txid4751[Organism:exp])) AND ((""2025/04/01""[PDAT] : ""2025/07/31""[PDAT])) AND (srcdb_genbank[PROP]) AND (10:200[SLEN]) NOT (fragment[Title] OR hypothetical[Title] OR putative[Title] OR possible[Title] OR predicted[Title] OR ""LOW QUALITY PROTEIN""[Title] OR fragment[Protein Name] OR hypothetical[Protein Name] OR putative[Protein Name] OR possible[Protein Name] OR predicted[Protein Name] OR ""LOW QUALITY PROTEIN""[Protein Name]) NOT (ampC[Gene] OR ampD[Gene] OR ampR[Gene] OR ampS[Gene] OR ampC[Protein Name] OR ampD[Protein Name] OR ampR[Protein Name] OR ampS[Protein Name]) AND (precursor[Title] OR propeptide[Title] OR preprotein[Title]) NOT (""antimicrobial peptide""[Title] OR ""antimicrobial peptide""[Protein Name] OR ""anti-microbial peptide""[Title] OR ""anti-microbial peptide""[Protein Name] OR ""antibacterial peptide""[Title] OR ""antibacterial peptide""[Protein Name] OR ""anti-bacterial peptide""[Title] OR ""anti-bacterial peptide""[Protein Name] OR ""antifungal peptide""[Title] OR ""antifungal peptide""[Protein Name] OR ""anti-fungal peptide""[Title] OR ""anti-fungal peptide""[Protein Name] OR ""antiparasitic peptide""[Title] OR ""antiparasitic peptide""[Protein Name] OR ""anti-parasitic peptide""[Title] OR ""anti-parasitic peptide""[Protein Name] OR bacteriocin[Title] OR bacteriocin[Protein Name] OR bacteriocins[Title] OR bacteriocins[Protein Name] OR lantibiotic[Title] OR lantibiotic[Protein Name] OR lantibiotics[Title] OR lantibiotics[Protein Name] OR microcin[Title] OR microcin[Protein Name] OR microcins[Title] OR microcins[Protein Name] OR thiopeptide[Title] OR thiopeptide[Protein Name] OR thiopeptides[Title] OR thiopeptides[Protein Name] OR sactipeptide[Title] OR sactipeptide[Protein Name] OR sactipeptides[Title] OR sactipeptides[Protein Name])"
